Customer Support AI - ROI Calculator,,,,
,,,,
INPUTS,,,,
Number of Support Agents,10,,,
Tickets per Agent per Day,50,,,
Average Handle Time Before AI (minutes),8,,,
Average Handle Time With AI (minutes),4,,,
Hourly Rate per Agent ($),25,,,
Work Days per Month,22,,,
,,,,
CALCULATIONS,,,,
Daily Tickets (Total),500,"=(B3*B4)",,
Daily Time Before AI (hours),66.67,"=(B6*B3*B4)/60",,
Daily Time With AI (hours),33.33,"=(B7*B3*B4)/60",,
Daily Hours Saved,33.33,"=B11-B12",,
,,,,
Monthly Hours Saved,733.33,"=B13*B9",,
Annual Hours Saved,8800,"=B15*12",,
,,,,
FINANCIAL IMPACT,,,,
Monthly Cost Savings ($),"18,333","=B15*B8",,
Annual Cost Savings ($),"220,000","=B16*B8",,
,,,,
ADDITIONAL METRICS,,,,
Time Savings Percentage,50%,"=(B6-B7)/B6",,
Capacity Increase (Additional Tickets/Day),500,"=B13*60/B7",,
Equivalent Additional Agents,5,"=B24/(B4*B9)",,
,,,,
QUALITY IMPROVEMENTS (Track Manually),,,,
Metric,Before AI,After AI (30 days),After AI (90 days),Improvement %
First Contact Resolution %,65%,[Track],[Track],[Calculate]
Customer Satisfaction Score,7.5,[Track],[Track],[Calculate]
Average Response Time (min),8,[Track],[Track],[Calculate]
Escalation Rate %,15%,[Track],[Track],[Calculate]
,,,,
INSTRUCTIONS FOR USE,,,,
"1. Update INPUTS section (rows 4-9) with your team's actual numbers",,,,
"2. CALCULATIONS section updates automatically",,,,
"3. Track QUALITY IMPROVEMENTS manually each month",,,,
"4. Review and update monthly to track progress",,,,
"5. Share with leadership to justify AI investment",,,,
,,,,
NOTES & ASSUMPTIONS,,,,
"• Conservative estimate assumes 50% time reduction per ticket",,,,
"• Actual results vary based on:",,,,
"  - Complexity of support issues",,,,
"  - Quality and completeness of knowledge base",,,,
"  - Team training and adoption rate",,,,
"  - Mix of inquiry types (simple FAQ vs. complex technical)",,,,
"• First 30 days typically show 30-40% improvement",,,,
"• By 90 days, most teams achieve 50-60% improvement",,,,
"• Some teams report up to 70% time savings on routine inquiries",,,,
,,,,
EXAMPLE SCENARIOS,,,,
,,,,
"SCENARIO 1: Small Team",Value,,,
Support Agents,3,,,
Tickets/Day Each,30,,,
Handle Time Before (min),10,,,
Handle Time With AI (min),5,,,
Hourly Rate,20,,,
Monthly Savings,"$5,940",,,
Annual Savings,"$71,280",,,
,,,,
"SCENARIO 2: Medium Team",Value,,,
Support Agents,10,,,
Tickets/Day Each,50,,,
Handle Time Before (min),8,,,
Handle Time With AI (min),4,,,
Hourly Rate,25,,,
Monthly Savings,"$18,333",,,
Annual Savings,"$220,000",,,
,,,,
"SCENARIO 3: Large Team",Value,,,
Support Agents,25,,,
Tickets/Day Each,60,,,
Handle Time Before (min),8,,,
Handle Time With AI (min),4,,,
Hourly Rate,30,,,
Monthly Savings,"$99,000",,,
Annual Savings,"$1,188,000",,,
